<?xml version="1.0" encoding="UTF-8"?>
<PeakList>
  <PeakList1D>
    <PeakList1DHeader creator="mfjofre" date="2011-08-09T14:29:00" expNo="104" name="bmrb_batch2_Dan_bearden" owner="" procNo="1" source="/banyo2">
      <PeakPickDetails>F1=4.263ppm, F2=4.257ppm, MI=2.07cm, MAXI=3.02cm, PC=1.000
      </PeakPickDetails>
    </PeakList1DHeader>
    <Peak1D F1="4.2591" intensity="2.7" type="0"/>
  </PeakList1D>
  <PeakList1D>
    <PeakList1DHeader creator="mfjofre" date="2011-08-09T14:29:00" expNo="104" name="bmrb_batch2_Dan_bearden" owner="" procNo="1" source="/banyo2">
      <PeakPickDetails>F1=4.253ppm, F2=4.246ppm, MI=9.02cm, MAXI=9.97cm, PC=1.000
      </PeakPickDetails>
    </PeakList1DHeader>
    <Peak1D F1="4.2497" intensity="9.24" type="0"/>
  </PeakList1D>
  <PeakList1D>
    <PeakList1DHeader creator="mfjofre" date="2011-08-09T14:29:00" expNo="104" name="bmrb_batch2_Dan_bearden" owner="" procNo="1" source="/banyo2">
      <PeakPickDetails>F1=4.245ppm, F2=4.237ppm, MI=9.41cm, MAXI=10.39cm, PC=1.000
      </PeakPickDetails>
    </PeakList1DHeader>
    <Peak1D F1="4.2426" intensity="9.81" type="0"/>
    <Peak1D F1="4.2403" intensity="9.88" type="0"/>
  </PeakList1D>
  <PeakList1D>
    <PeakList1DHeader creator="mfjofre" date="2011-08-09T14:29:00" expNo="104" name="bmrb_batch2_Dan_bearden" owner="" procNo="1" source="/banyo2">
      <PeakPickDetails>F1=4.235ppm, F2=4.231ppm, MI=9.38cm, MAXI=10.00cm, PC=1.000
      </PeakPickDetails>
    </PeakList1DHeader>
    <Peak1D F1="4.2332" intensity="9.43" type="0"/>
  </PeakList1D>
  <PeakList1D>
    <PeakList1DHeader creator="mfjofre" date="2011-08-09T14:29:00" expNo="104" name="bmrb_batch2_Dan_bearden" owner="" procNo="1" source="/banyo2">
      <PeakPickDetails>F1=4.226ppm, F2=4.220ppm, MI=1.87cm, MAXI=3.61cm, PC=1.000
      </PeakPickDetails>
    </PeakList1DHeader>
    <Peak1D F1="4.2238" intensity="2.8" type="0"/>
  </PeakList1D>
  <PeakList1D>
    <PeakList1DHeader creator="mfjofre" date="2011-08-09T14:29:00" expNo="104" name="bmrb_batch2_Dan_bearden" owner="" procNo="1" source="/banyo2">
      <PeakPickDetails>F1=3.585ppm, F2=3.554ppm, MI=23.96cm, MAXI=30.07cm, PC=1.000
      </PeakPickDetails>
    </PeakList1DHeader>
    <Peak1D F1="3.5768" intensity="27.6" type="0"/>
    <Peak1D F1="3.5698" intensity="27.19" type="0"/>
  </PeakList1D>
  <PeakList1D>
    <PeakList1DHeader creator="mfjofre" date="2011-08-09T14:29:00" expNo="104" name="bmrb_batch2_Dan_bearden" owner="" procNo="1" source="/banyo2">
      <PeakPickDetails>F1=1.340ppm, F2=1.297ppm, MI=82.81cm, MAXI=98.89cm, PC=1.000
      </PeakPickDetails>
    </PeakList1DHeader>
    <Peak1D F1="1.3233" intensity="89.03" type="0"/>
    <Peak1D F1="1.3139" intensity="88.75" type="0"/>
  </PeakList1D>
</PeakList>
